Sample ID,SNP Name,Allele1 - Top,Allele2 - Top,Allele1 - Forward,Allele2 - Forward,Chr,Position,SNP,Group
011_S_2274,rs1000000,A,G,T,C,12,126890980,[T/C],MCI
011_S_2274,rs1000002,G,G,G,G,3,183635768,[A/G],MCI
011_S_2274,rs10000023,A,A,T,T,4,95733906,[T/G],MCI
011_S_2274,rs1000003,A,A,A,A,3,98342907,[T/C],MCI
011_S_2274,rs10000030,G,G,G,G,4,103374154,[T/C],MCI
011_S_2274,rs10000037,A,G,A,G,4,38924330,[T/C],MCI
011_S_2274,rs10000041,A,A,T,T,4,165621955,[A/C],MCI
011_S_2274,rs10000042,G,G,C,C,4,5237152,[A/G],MCI
011_S_2274,rs10000049,A,A,A,A,4,118948220,[A/C],MCI
011_S_2274,rs1000007,A,G,A,G,2,237752054,[A/G],MCI
011_S_4075,rs1000000,G,G,C,C,12,126890980,[T/C],CN
011_S_4075,rs1000002,A,G,A,G,3,183635768,[A/G],CN
011_S_4075,rs10000023,A,C,T,G,4,95733906,[T/G],CN
011_S_4075,rs1000003,A,A,A,A,3,98342907,[T/C],CN
011_S_4075,rs10000030,A,G,A,G,4,103374154,[T/C],CN
011_S_4075,rs10000037,G,G,G,G,4,38924330,[T/C],CN
011_S_4075,rs10000041,A,A,T,T,4,165621955,[A/C],CN
011_S_4075,rs10000042,G,G,C,C,4,5237152,[A/G],CN
011_S_4075,rs10000049,A,C,A,C,4,118948220,[A/C],CN
011_S_4075,rs1000007,A,G,A,G,2,237752054,[A/G],CN
011_S_4105,rs1000000,A,G,T,C,12,126890980,[T/C],CN
011_S_4105,rs1000002,G,G,G,G,3,183635768,[A/G],CN
011_S_4105,rs10000023,A,C,T,G,4,95733906,[T/G],CN
011_S_4105,rs1000003,A,A,A,A,3,98342907,[T/C],CN
011_S_4105,rs10000030,G,G,G,G,4,103374154,[T/C],CN
011_S_4105,rs10000037,G,G,G,G,4,38924330,[T/C],CN
011_S_4105,rs10000041,A,C,T,G,4,165621955,[A/C],CN
011_S_4105,rs10000042,G,G,C,C,4,5237152,[A/G],CN
011_S_4105,rs10000049,A,A,A,A,4,118948220,[A/C],CN
011_S_4105,rs1000007,A,A,A,A,2,237752054,[A/G],CN
011_S_4120,rs1000000,G,G,C,C,12,126890980,[T/C],CN
011_S_4120,rs1000002,A,A,A,A,3,183635768,[A/G],CN
011_S_4120,rs10000023,A,A,T,T,4,95733906,[T/G],CN
011_S_4120,rs1000003,A,G,A,G,3,98342907,[T/C],CN
011_S_4120,rs10000030,G,G,G,G,4,103374154,[T/C],CN
011_S_4120,rs10000037,A,G,A,G,4,38924330,[T/C],CN
011_S_4120,rs10000041,A,C,T,G,4,165621955,[A/C],CN
011_S_4120,rs10000042,G,G,C,C,4,5237152,[A/G],CN
011_S_4120,rs10000049,A,C,A,C,4,118948220,[A/C],CN
011_S_4120,rs1000007,A,A,A,A,2,237752054,[A/G],CN
011_S_4222,rs1000000,A,A,T,T,12,126890980,[T/C],CN
011_S_4222,rs1000002,A,A,A,A,3,183635768,[A/G],CN
011_S_4222,rs10000023,C,C,G,G,4,95733906,[T/G],CN
011_S_4222,rs1000003,A,A,A,A,3,98342907,[T/C],CN
011_S_4222,rs10000030,G,G,G,G,4,103374154,[T/C],CN
011_S_4222,rs10000037,G,G,G,G,4,38924330,[T/C],CN
011_S_4222,rs10000041,A,A,T,T,4,165621955,[A/C],CN
011_S_4222,rs10000042,G,G,C,C,4,5237152,[A/G],CN
011_S_4222,rs10000049,A,A,A,A,4,118948220,[A/C],CN
011_S_4222,rs1000007,A,A,A,A,2,237752054,[A/G],CN
011_S_4235,rs1000000,A,G,T,C,12,126890980,[T/C],MCI
011_S_4235,rs1000002,A,G,A,G,3,183635768,[A/G],MCI
011_S_4235,rs10000023,C,C,G,G,4,95733906,[T/G],MCI
011_S_4235,rs1000003,A,G,A,G,3,98342907,[T/C],MCI
011_S_4235,rs10000030,G,G,G,G,4,103374154,[T/C],MCI
011_S_4235,rs10000037,G,G,G,G,4,38924330,[T/C],MCI
011_S_4235,rs10000041,A,A,T,T,4,165621955,[A/C],MCI
011_S_4235,rs10000042,G,G,C,C,4,5237152,[A/G],MCI
011_S_4235,rs10000049,A,A,A,A,4,118948220,[A/C],MCI
011_S_4235,rs1000007,A,A,A,A,2,237752054,[A/G],MCI
011_S_4278,rs1000000,G,G,C,C,12,126890980,[T/C],CN
011_S_4278,rs1000002,A,A,A,A,3,183635768,[A/G],CN
011_S_4278,rs10000023,A,C,T,G,4,95733906,[T/G],CN
011_S_4278,rs1000003,A,A,A,A,3,98342907,[T/C],CN
011_S_4278,rs10000030,A,G,A,G,4,103374154,[T/C],CN
011_S_4278,rs10000037,G,G,G,G,4,38924330,[T/C],CN
011_S_4278,rs10000041,A,A,T,T,4,165621955,[A/C],CN
011_S_4278,rs10000042,G,G,C,C,4,5237152,[A/G],CN
011_S_4278,rs10000049,A,A,A,A,4,118948220,[A/C],CN
011_S_4278,rs1000007,A,G,A,G,2,237752054,[A/G],CN
011_S_4366,rs1000000,G,G,C,C,12,126890980,[T/C],MCI
011_S_4366,rs1000002,A,G,A,G,3,183635768,[A/G],MCI
011_S_4366,rs10000023,A,A,T,T,4,95733906,[T/G],MCI
011_S_4366,rs1000003,A,G,A,G,3,98342907,[T/C],MCI
011_S_4366,rs10000030,G,G,G,G,4,103374154,[T/C],MCI
011_S_4366,rs10000037,A,G,A,G,4,38924330,[T/C],MCI
011_S_4366,rs10000041,A,A,T,T,4,165621955,[A/C],MCI
011_S_4366,rs10000042,G,G,C,C,4,5237152,[A/G],MCI
011_S_4366,rs10000049,A,C,A,C,4,118948220,[A/C],MCI
011_S_4366,rs1000007,A,G,A,G,2,237752054,[A/G],MCI
012_S_4012,rs1000000,G,G,C,C,12,126890980,[T/C],MCI
012_S_4012,rs1000002,G,G,G,G,3,183635768,[A/G],MCI
012_S_4012,rs10000023,A,C,T,G,4,95733906,[T/G],MCI
012_S_4012,rs1000003,A,A,A,A,3,98342907,[T/C],MCI
012_S_4012,rs10000030,G,G,G,G,4,103374154,[T/C],MCI
012_S_4012,rs10000037,A,A,A,A,4,38924330,[T/C],MCI
012_S_4012,rs10000041,A,A,T,T,4,165621955,[A/C],MCI
012_S_4012,rs10000042,G,G,C,C,4,5237152,[A/G],MCI
012_S_4012,rs10000049,A,A,A,A,4,118948220,[A/C],MCI
012_S_4012,rs1000007,A,A,A,A,2,237752054,[A/G],MCI
012_S_4026,rs1000000,G,G,C,C,12,126890980,[T/C],CN
012_S_4026,rs1000002,A,G,A,G,3,183635768,[A/G],CN
012_S_4026,rs10000023,A,A,T,T,4,95733906,[T/G],CN
012_S_4026,rs1000003,A,G,A,G,3,98342907,[T/C],CN
012_S_4026,rs10000030,G,G,G,G,4,103374154,[T/C],CN
012_S_4026,rs10000037,A,G,A,G,4,38924330,[T/C],CN
012_S_4026,rs10000041,A,A,T,T,4,165621955,[A/C],CN
012_S_4026,rs10000042,G,G,C,C,4,5237152,[A/G],CN
012_S_4026,rs10000049,A,A,A,A,4,118948220,[A/C],CN
012_S_4026,rs1000007,A,G,A,G,2,237752054,[A/G],CN
012_S_4094,rs1000000,G,G,C,C,12,126890980,[T/C],MCI
012_S_4094,rs1000002,A,G,A,G,3,183635768,[A/G],MCI
012_S_4094,rs10000023,A,C,T,G,4,95733906,[T/G],MCI
012_S_4094,rs1000003,A,A,A,A,3,98342907,[T/C],MCI
012_S_4094,rs10000030,A,G,A,G,4,103374154,[T/C],MCI
012_S_4094,rs10000037,A,G,A,G,4,38924330,[T/C],MCI
012_S_4094,rs10000041,A,A,T,T,4,165621955,[A/C],MCI
012_S_4094,rs10000042,G,G,C,C,4,5237152,[A/G],MCI
012_S_4094,rs10000049,A,C,A,C,4,118948220,[A/C],MCI
012_S_4094,rs1000007,A,G,A,G,2,237752054,[A/G],MCI
012_S_4128,rs1000000,G,G,C,C,12,126890980,[T/C],MCI
012_S_4128,rs1000002,A,G,A,G,3,183635768,[A/G],MCI
012_S_4128,rs10000023,A,A,T,T,4,95733906,[T/G],MCI
012_S_4128,rs1000003,A,A,A,A,3,98342907,[T/C],MCI
012_S_4128,rs10000030,G,G,G,G,4,103374154,[T/C],MCI
012_S_4128,rs10000037,G,G,G,G,4,38924330,[T/C],MCI
012_S_4128,rs10000041,A,A,T,T,4,165621955,[A/C],MCI
012_S_4128,rs10000042,G,G,C,C,4,5237152,[A/G],MCI
012_S_4128,rs10000049,A,A,A,A,4,118948220,[A/C],MCI
012_S_4128,rs1000007,A,A,A,A,2,237752054,[A/G],MCI
012_S_4188,rs1000000,G,G,C,C,12,126890980,[T/C],MCI
012_S_4188,rs1000002,A,G,A,G,3,183635768,[A/G],MCI
012_S_4188,rs10000023,A,C,T,G,4,95733906,[T/G],MCI
012_S_4188,rs1000003,A,G,A,G,3,98342907,[T/C],MCI
012_S_4188,rs10000030,G,G,G,G,4,103374154,[T/C],MCI
012_S_4188,rs10000037,G,G,G,G,4,38924330,[T/C],MCI
012_S_4188,rs10000041,A,A,T,T,4,165621955,[A/C],MCI
012_S_4188,rs10000042,G,G,C,C,4,5237152,[A/G],MCI
012_S_4188,rs10000049,A,C,A,C,4,118948220,[A/C],MCI
012_S_4188,rs1000007,A,A,A,A,2,237752054,[A/G],MCI
013_S_2324,rs1000000,G,G,C,C,12,126890980,[T/C],MCI
013_S_2324,rs1000002,A,G,A,G,3,183635768,[A/G],MCI
013_S_2324,rs10000023,A,C,T,G,4,95733906,[T/G],MCI
013_S_2324,rs1000003,A,G,A,G,3,98342907,[T/C],MCI
013_S_2324,rs10000030,G,G,G,G,4,103374154,[T/C],MCI
013_S_2324,rs10000037,A,G,A,G,4,38924330,[T/C],MCI
013_S_2324,rs10000041,A,A,T,T,4,165621955,[A/C],MCI
013_S_2324,rs10000042,G,G,C,C,4,5237152,[A/G],MCI
013_S_2324,rs10000049,A,A,A,A,4,118948220,[A/C],MCI
013_S_2324,rs1000007,G,G,G,G,2,237752054,[A/G],MCI
013_S_2389,rs1000000,G,G,C,C,12,126890980,[T/C],MCI
013_S_2389,rs1000002,G,G,G,G,3,183635768,[A/G],MCI
013_S_2389,rs10000023,C,C,G,G,4,95733906,[T/G],MCI
013_S_2389,rs1000003,A,A,A,A,3,98342907,[T/C],MCI
013_S_2389,rs10000030,G,G,G,G,4,103374154,[T/C],MCI
013_S_2389,rs10000037,G,G,G,G,4,38924330,[T/C],MCI
013_S_2389,rs10000041,A,A,T,T,4,165621955,[A/C],MCI
013_S_2389,rs10000042,A,G,T,C,4,5237152,[A/G],MCI
013_S_2389,rs10000049,A,C,A,C,4,118948220,[A/C],MCI
013_S_2389,rs1000007,A,A,A,A,2,237752054,[A/G],MCI
013_S_4268,rs1000000,A,G,T,C,12,126890980,[T/C],MCI
013_S_4268,rs1000002,A,G,A,G,3,183635768,[A/G],MCI
013_S_4268,rs10000023,A,C,T,G,4,95733906,[T/G],MCI
013_S_4268,rs1000003,A,A,A,A,3,98342907,[T/C],MCI
013_S_4268,rs10000030,G,G,G,G,4,103374154,[T/C],MCI
013_S_4268,rs10000037,G,G,G,G,4,38924330,[T/C],MCI
013_S_4268,rs10000041,A,A,T,T,4,165621955,[A/C],MCI
013_S_4268,rs10000042,G,G,C,C,4,5237152,[A/G],MCI
013_S_4268,rs10000049,A,C,A,C,4,118948220,[A/C],MCI
013_S_4268,rs1000007,A,A,A,A,2,237752054,[A/G],MCI
013_S_4395,rs1000000,G,G,C,C,12,126890980,[T/C],MCI
013_S_4395,rs1000002,A,G,A,G,3,183635768,[A/G],MCI
013_S_4395,rs10000023,C,C,G,G,4,95733906,[T/G],MCI
013_S_4395,rs1000003,G,G,G,G,3,98342907,[T/C],MCI
013_S_4395,rs10000030,A,G,A,G,4,103374154,[T/C],MCI
013_S_4395,rs10000037,G,G,G,G,4,38924330,[T/C],MCI
013_S_4395,rs10000041,A,A,T,T,4,165621955,[A/C],MCI
013_S_4395,rs10000042,G,G,C,C,4,5237152,[A/G],MCI
013_S_4395,rs10000049,A,A,A,A,4,118948220,[A/C],MCI
013_S_4395,rs1000007,G,G,G,G,2,237752054,[A/G],MCI
014_S_2185,rs1000000,A,G,T,C,12,126890980,[T/C],MCI
014_S_2185,rs1000002,A,G,A,G,3,183635768,[A/G],MCI
014_S_2185,rs10000023,A,C,T,G,4,95733906,[T/G],MCI
014_S_2185,rs1000003,G,G,G,G,3,98342907,[T/C],MCI
014_S_2185,rs10000030,G,G,G,G,4,103374154,[T/C],MCI
014_S_2185,rs10000037,G,G,G,G,4,38924330,[T/C],MCI
014_S_2185,rs10000041,A,C,T,G,4,165621955,[A/C],MCI
014_S_2185,rs10000042,G,G,C,C,4,5237152,[A/G],MCI
014_S_2185,rs10000049,A,C,A,C,4,118948220,[A/C],MCI
014_S_2185,rs1000007,A,G,A,G,2,237752054,[A/G],MCI
014_S_2308,rs1000000,G,G,C,C,12,126890980,[T/C],MCI
014_S_2308,rs1000002,A,G,A,G,3,183635768,[A/G],MCI
014_S_2308,rs10000023,A,A,T,T,4,95733906,[T/G],MCI
014_S_2308,rs1000003,A,A,A,A,3,98342907,[T/C],MCI
014_S_2308,rs10000030,G,G,G,G,4,103374154,[T/C],MCI
014_S_2308,rs10000037,A,G,A,G,4,38924330,[T/C],MCI
014_S_2308,rs10000041,A,A,T,T,4,165621955,[A/C],MCI
014_S_2308,rs10000042,G,G,C,C,4,5237152,[A/G],MCI
014_S_2308,rs10000049,A,C,A,C,4,118948220,[A/C],MCI
014_S_2308,rs1000007,A,A,A,A,2,237752054,[A/G],MCI
014_S_4039,rs1000000,A,G,T,C,12,126890980,[T/C],AD
014_S_4039,rs1000002,A,A,A,A,3,183635768,[A/G],AD
014_S_4039,rs10000023,A,C,T,G,4,95733906,[T/G],AD
014_S_4039,rs1000003,A,A,A,A,3,98342907,[T/C],AD
014_S_4039,rs10000030,G,G,G,G,4,103374154,[T/C],AD
014_S_4039,rs10000037,G,G,G,G,4,38924330,[T/C],AD
014_S_4039,rs10000041,A,A,T,T,4,165621955,[A/C],AD
014_S_4039,rs10000042,G,G,C,C,4,5237152,[A/G],AD
014_S_4039,rs10000049,A,A,A,A,4,118948220,[A/C],AD
014_S_4039,rs1000007,A,A,A,A,2,237752054,[A/G],AD
014_S_4058,rs1000000,A,G,T,C,12,126890980,[T/C],MCI
014_S_4058,rs1000002,A,G,A,G,3,183635768,[A/G],MCI
014_S_4058,rs10000023,A,C,T,G,4,95733906,[T/G],MCI
014_S_4058,rs1000003,A,A,A,A,3,98342907,[T/C],MCI
014_S_4058,rs10000030,A,G,A,G,4,103374154,[T/C],MCI
014_S_4058,rs10000037,A,G,A,G,4,38924330,[T/C],MCI
014_S_4058,rs10000041,A,C,T,G,4,165621955,[A/C],MCI
014_S_4058,rs10000042,G,G,C,C,4,5237152,[A/G],MCI
014_S_4058,rs10000049,A,A,A,A,4,118948220,[A/C],MCI
014_S_4058,rs1000007,A,G,A,G,2,237752054,[A/G],MCI
014_S_4079,rs1000000,G,G,C,C,12,126890980,[T/C],MCI
014_S_4079,rs1000002,A,G,A,G,3,183635768,[A/G],MCI
014_S_4079,rs10000023,A,A,T,T,4,95733906,[T/G],MCI
014_S_4079,rs1000003,A,A,A,A,3,98342907,[T/C],MCI
014_S_4079,rs10000030,G,G,G,G,4,103374154,[T/C],MCI
014_S_4079,rs10000037,A,G,A,G,4,38924330,[T/C],MCI
014_S_4079,rs10000041,A,A,T,T,4,165621955,[A/C],MCI
014_S_4079,rs10000042,G,G,C,C,4,5237152,[A/G],MCI
014_S_4079,rs10000049,A,A,A,A,4,118948220,[A/C],MCI
014_S_4079,rs1000007,A,A,A,A,2,237752054,[A/G],MCI
014_S_4080,rs1000000,A,A,T,T,12,126890980,[T/C],CN
014_S_4080,rs1000002,A,A,A,A,3,183635768,[A/G],CN
014_S_4080,rs10000023,A,C,T,G,4,95733906,[T/G],CN
014_S_4080,rs1000003,A,A,A,A,3,98342907,[T/C],CN
014_S_4080,rs10000030,G,G,G,G,4,103374154,[T/C],CN
014_S_4080,rs10000037,A,G,A,G,4,38924330,[T/C],CN
014_S_4080,rs10000041,A,A,T,T,4,165621955,[A/C],CN
014_S_4080,rs10000042,G,G,C,C,4,5237152,[A/G],CN
014_S_4080,rs10000049,A,C,A,C,4,118948220,[A/C],CN
014_S_4080,rs1000007,A,G,A,G,2,237752054,[A/G],CN
014_S_4093,rs1000000,A,G,T,C,12,126890980,[T/C],CN
014_S_4093,rs1000002,A,G,A,G,3,183635768,[A/G],CN
014_S_4093,rs10000023,C,C,G,G,4,95733906,[T/G],CN
014_S_4093,rs1000003,A,A,A,A,3,98342907,[T/C],CN
014_S_4093,rs10000030,G,G,G,G,4,103374154,[T/C],CN
014_S_4093,rs10000037,A,G,A,G,4,38924330,[T/C],CN
014_S_4093,rs10000041,A,A,T,T,4,165621955,[A/C],CN
014_S_4093,rs10000042,G,G,C,C,4,5237152,[A/G],CN
014_S_4093,rs10000049,A,C,A,C,4,118948220,[A/C],CN
014_S_4093,rs1000007,A,A,A,A,2,237752054,[A/G],CN
014_S_4263,rs1000000,G,G,C,C,12,126890980,[T/C],MCI
014_S_4263,rs1000002,A,G,A,G,3,183635768,[A/G],MCI
014_S_4263,rs10000023,A,A,T,T,4,95733906,[T/G],MCI
014_S_4263,rs1000003,A,A,A,A,3,98342907,[T/C],MCI
014_S_4263,rs10000030,G,G,G,G,4,103374154,[T/C],MCI
014_S_4263,rs10000037,A,G,A,G,4,38924330,[T/C],MCI
014_S_4263,rs10000041,A,A,T,T,4,165621955,[A/C],MCI
014_S_4263,rs10000042,G,G,C,C,4,5237152,[A/G],MCI
014_S_4263,rs10000049,A,A,A,A,4,118948220,[A/C],MCI
014_S_4263,rs1000007,A,A,A,A,2,237752054,[A/G],MCI
014_S_4328,rs1000000,A,G,T,C,12,126890980,[T/C],MCI
014_S_4328,rs1000002,G,G,G,G,3,183635768,[A/G],MCI
014_S_4328,rs10000023,A,C,T,G,4,95733906,[T/G],MCI
014_S_4328,rs1000003,A,A,A,A,3,98342907,[T/C],MCI
014_S_4328,rs10000030,G,G,G,G,4,103374154,[T/C],MCI
014_S_4328,rs10000037,A,A,A,A,4,38924330,[T/C],MCI
014_S_4328,rs10000041,A,A,T,T,4,165621955,[A/C],MCI
014_S_4328,rs10000042,G,G,C,C,4,5237152,[A/G],MCI
014_S_4328,rs10000049,A,A,A,A,4,118948220,[A/C],MCI
014_S_4328,rs1000007,A,A,A,A,2,237752054,[A/G],MCI
014_S_4401,rs1000000,A,G,T,C,12,126890980,[T/C],CN
014_S_4401,rs1000002,A,A,A,A,3,183635768,[A/G],CN
014_S_4401,rs10000023,A,C,T,G,4,95733906,[T/G],CN
014_S_4401,rs1000003,A,A,A,A,3,98342907,[T/C],CN
014_S_4401,rs10000030,G,G,G,G,4,103374154,[T/C],CN
014_S_4401,rs10000037,A,G,A,G,4,38924330,[T/C],CN
014_S_4401,rs10000041,A,A,T,T,4,165621955,[A/C],CN
014_S_4401,rs10000042,A,G,T,C,4,5237152,[A/G],CN
014_S_4401,rs10000049,A,A,A,A,4,118948220,[A/C],CN
014_S_4401,rs1000007,A,A,A,A,2,237752054,[A/G],CN
016_S_2007,rs1000000,G,G,C,C,12,126890980,[T/C],MCI
016_S_2007,rs1000002,G,G,G,G,3,183635768,[A/G],MCI
016_S_2007,rs10000023,C,C,G,G,4,95733906,[T/G],MCI
016_S_2007,rs1000003,A,A,A,A,3,98342907,[T/C],MCI
016_S_2007,rs10000030,G,G,G,G,4,103374154,[T/C],MCI
016_S_2007,rs10000037,A,G,A,G,4,38924330,[T/C],MCI
016_S_2007,rs10000041,A,A,T,T,4,165621955,[A/C],MCI
016_S_2007,rs10000042,G,G,C,C,4,5237152,[A/G],MCI
016_S_2007,rs10000049,A,A,A,A,4,118948220,[A/C],MCI
016_S_2007,rs1000007,A,A,A,A,2,237752054,[A/G],MCI
016_S_2031,rs1000000,A,G,T,C,12,126890980,[T/C],MCI
016_S_2031,rs1000002,G,G,G,G,3,183635768,[A/G],MCI
016_S_2031,rs10000023,A,A,T,T,4,95733906,[T/G],MCI
016_S_2031,rs1000003,A,G,A,G,3,98342907,[T/C],MCI
016_S_2031,rs10000030,A,G,A,G,4,103374154,[T/C],MCI
016_S_2031,rs10000037,A,G,A,G,4,38924330,[T/C],MCI
016_S_2031,rs10000041,A,C,T,G,4,165621955,[A/C],MCI
016_S_2031,rs10000042,G,G,C,C,4,5237152,[A/G],MCI
016_S_2031,rs10000049,A,A,A,A,4,118948220,[A/C],MCI
016_S_2031,rs1000007,A,A,A,A,2,237752054,[A/G],MCI
016_S_2284,rs1000000,G,G,C,C,12,126890980,[T/C],MCI
016_S_2284,rs1000002,A,G,A,G,3,183635768,[A/G],MCI
016_S_2284,rs10000023,A,C,T,G,4,95733906,[T/G],MCI
016_S_2284,rs1000003,A,A,A,A,3,98342907,[T/C],MCI
016_S_2284,rs10000030,G,G,G,G,4,103374154,[T/C],MCI
016_S_2284,rs10000037,G,G,G,G,4,38924330,[T/C],MCI
016_S_2284,rs10000041,A,A,T,T,4,165621955,[A/C],MCI
016_S_2284,rs10000042,G,G,C,C,4,5237152,[A/G],MCI
016_S_2284,rs10000049,A,A,A,A,4,118948220,[A/C],MCI
016_S_2284,rs1000007,A,G,A,G,2,237752054,[A/G],MCI
016_S_4009,rs1000000,G,G,C,C,12,126890980,[T/C],AD
016_S_4009,rs1000002,A,G,A,G,3,183635768,[A/G],AD
016_S_4009,rs10000023,A,A,T,T,4,95733906,[T/G],AD
016_S_4009,rs1000003,A,A,A,A,3,98342907,[T/C],AD
016_S_4009,rs10000030,G,G,G,G,4,103374154,[T/C],AD
016_S_4009,rs10000037,G,G,G,G,4,38924330,[T/C],AD
016_S_4009,rs10000041,A,A,T,T,4,165621955,[A/C],AD
016_S_4009,rs10000042,G,G,C,C,4,5237152,[A/G],AD
016_S_4009,rs10000049,A,C,A,C,4,118948220,[A/C],AD
016_S_4009,rs1000007,G,G,G,G,2,237752054,[A/G],AD
016_S_4097,rs1000000,G,G,C,C,12,126890980,[T/C],CN
016_S_4097,rs1000002,A,G,A,G,3,183635768,[A/G],CN
016_S_4097,rs10000023,A,C,T,G,4,95733906,[T/G],CN
016_S_4097,rs1000003,A,A,A,A,3,98342907,[T/C],CN
016_S_4097,rs10000030,G,G,G,G,4,103374154,[T/C],CN
016_S_4097,rs10000037,G,G,G,G,4,38924330,[T/C],CN
016_S_4097,rs10000041,A,C,T,G,4,165621955,[A/C],CN
016_S_4097,rs10000042,G,G,C,C,4,5237152,[A/G],CN
016_S_4097,rs10000049,A,A,A,A,4,118948220,[A/C],CN
016_S_4097,rs1000007,G,G,G,G,2,237752054,[A/G],CN
016_S_4121,rs1000000,A,G,T,C,12,126890980,[T/C],CN
016_S_4121,rs1000002,G,G,G,G,3,183635768,[A/G],CN
016_S_4121,rs10000023,A,C,T,G,4,95733906,[T/G],CN
016_S_4121,rs1000003,A,A,A,A,3,98342907,[T/C],CN
016_S_4121,rs10000030,G,G,G,G,4,103374154,[T/C],CN
016_S_4121,rs10000037,G,G,G,G,4,38924330,[T/C],CN
016_S_4121,rs10000041,A,A,T,T,4,165621955,[A/C],CN
016_S_4121,rs10000042,G,G,C,C,4,5237152,[A/G],CN
016_S_4121,rs10000049,A,A,A,A,4,118948220,[A/C],CN
016_S_4121,rs1000007,A,G,A,G,2,237752054,[A/G],CN
016_S_4353,rs1000000,G,G,C,C,12,126890980,[T/C],AD
016_S_4353,rs1000002,G,G,G,G,3,183635768,[A/G],AD
016_S_4353,rs10000023,A,C,T,G,4,95733906,[T/G],AD
016_S_4353,rs1000003,A,A,A,A,3,98342907,[T/C],AD
016_S_4353,rs10000030,G,G,G,G,4,103374154,[T/C],AD
016_S_4353,rs10000037,A,G,A,G,4,38924330,[T/C],AD
016_S_4353,rs10000041,A,A,T,T,4,165621955,[A/C],AD
016_S_4353,rs10000042,G,G,C,C,4,5237152,[A/G],AD
016_S_4353,rs10000049,A,A,A,A,4,118948220,[A/C],AD
016_S_4353,rs1000007,A,G,A,G,2,237752054,[A/G],AD
018_S_2133,rs1000000,G,G,C,C,12,126890980,[T/C],MCI
018_S_2133,rs1000002,G,G,G,G,3,183635768,[A/G],MCI
018_S_2133,rs10000023,A,C,T,G,4,95733906,[T/G],MCI
018_S_2133,rs1000003,A,A,A,A,3,98342907,[T/C],MCI
018_S_2133,rs10000030,A,G,A,G,4,103374154,[T/C],MCI
018_S_2133,rs10000037,A,G,A,G,4,38924330,[T/C],MCI
018_S_2133,rs10000041,A,C,T,G,4,165621955,[A/C],MCI
018_S_2133,rs10000042,G,G,C,C,4,5237152,[A/G],MCI
018_S_2133,rs10000049,A,A,A,A,4,118948220,[A/C],MCI
018_S_2133,rs1000007,A,A,A,A,2,237752054,[A/G],MCI
018_S_2138,rs1000000,G,G,C,C,12,126890980,[T/C],MCI
018_S_2138,rs1000002,G,G,G,G,3,183635768,[A/G],MCI
018_S_2138,rs10000023,A,C,T,G,4,95733906,[T/G],MCI
018_S_2138,rs1000003,A,A,A,A,3,98342907,[T/C],MCI
018_S_2138,rs10000030,G,G,G,G,4,103374154,[T/C],MCI
018_S_2138,rs10000037,A,A,A,A,4,38924330,[T/C],MCI
018_S_2138,rs10000041,A,A,T,T,4,165621955,[A/C],MCI
018_S_2138,rs10000042,G,G,C,C,4,5237152,[A/G],MCI
018_S_2138,rs10000049,A,A,A,A,4,118948220,[A/C],MCI
018_S_2138,rs1000007,A,A,A,A,2,237752054,[A/G],MCI
018_S_2155,rs1000000,G,G,C,C,12,126890980,[T/C],MCI
018_S_2155,rs1000002,A,G,A,G,3,183635768,[A/G],MCI
018_S_2155,rs10000023,A,A,T,T,4,95733906,[T/G],MCI
018_S_2155,rs1000003,A,G,A,G,3,98342907,[T/C],MCI
018_S_2155,rs10000030,G,G,G,G,4,103374154,[T/C],MCI
018_S_2155,rs10000037,G,G,G,G,4,38924330,[T/C],MCI
018_S_2155,rs10000041,A,A,T,T,4,165621955,[A/C],MCI
018_S_2155,rs10000042,G,G,C,C,4,5237152,[A/G],MCI
018_S_2155,rs10000049,A,A,A,A,4,118948220,[A/C],MCI
018_S_2155,rs1000007,A,A,A,A,2,237752054,[A/G],MCI
018_S_2180,rs1000000,G,G,C,C,12,126890980,[T/C],MCI
018_S_2180,rs1000002,A,G,A,G,3,183635768,[A/G],MCI
018_S_2180,rs10000023,A,C,T,G,4,95733906,[T/G],MCI
018_S_2180,rs1000003,A,G,A,G,3,98342907,[T/C],MCI
018_S_2180,rs10000030,G,G,G,G,4,103374154,[T/C],MCI
018_S_2180,rs10000037,A,G,A,G,4,38924330,[T/C],MCI
018_S_2180,rs10000041,A,C,T,G,4,165621955,[A/C],MCI
018_S_2180,rs10000042,G,G,C,C,4,5237152,[A/G],MCI
018_S_2180,rs10000049,A,A,A,A,4,118948220,[A/C],MCI
018_S_2180,rs1000007,A,A,A,A,2,237752054,[A/G],MCI
018_S_4257,rs1000000,A,G,T,C,12,126890980,[T/C],CN
018_S_4257,rs1000002,G,G,G,G,3,183635768,[A/G],CN
018_S_4257,rs10000023,A,C,T,G,4,95733906,[T/G],CN
018_S_4257,rs1000003,A,A,A,A,3,98342907,[T/C],CN
018_S_4257,rs10000030,A,G,A,G,4,103374154,[T/C],CN
018_S_4257,rs10000037,G,G,G,G,4,38924330,[T/C],CN
018_S_4257,rs10000041,A,A,T,T,4,165621955,[A/C],CN
018_S_4257,rs10000042,G,G,C,C,4,5237152,[A/G],CN
018_S_4257,rs10000049,A,C,A,C,4,118948220,[A/C],CN
018_S_4257,rs1000007,A,A,A,A,2,237752054,[A/G],CN
018_S_4313,rs1000000,A,A,T,T,12,126890980,[T/C],CN
018_S_4313,rs1000002,G,G,G,G,3,183635768,[A/G],CN
018_S_4313,rs10000023,A,C,T,G,4,95733906,[T/G],CN
018_S_4313,rs1000003,A,G,A,G,3,98342907,[T/C],CN
018_S_4313,rs10000030,G,G,G,G,4,103374154,[T/C],CN
018_S_4313,rs10000037,G,G,G,G,4,38924330,[T/C],CN
018_S_4313,rs10000041,A,A,T,T,4,165621955,[A/C],CN
018_S_4313,rs10000042,G,G,C,C,4,5237152,[A/G],CN
018_S_4313,rs10000049,A,A,A,A,4,118948220,[A/C],CN
018_S_4313,rs1000007,A,G,A,G,2,237752054,[A/G],CN
018_S_4349,rs1000000,G,G,C,C,12,126890980,[T/C],CN
018_S_4349,rs1000002,G,G,G,G,3,183635768,[A/G],CN
018_S_4349,rs10000023,A,A,T,T,4,95733906,[T/G],CN
018_S_4349,rs1000003,A,A,A,A,3,98342907,[T/C],CN
018_S_4349,rs10000030,G,G,G,G,4,103374154,[T/C],CN
018_S_4349,rs10000037,G,G,G,G,4,38924330,[T/C],CN
018_S_4349,rs10000041,A,A,T,T,4,165621955,[A/C],CN
018_S_4349,rs10000042,A,G,T,C,4,5237152,[A/G],CN
018_S_4349,rs10000049,A,A,A,A,4,118948220,[A/C],CN
018_S_4349,rs1000007,A,A,A,A,2,237752054,[A/G],CN
018_S_4399,rs1000000,A,G,T,C,12,126890980,[T/C],CN
018_S_4399,rs1000002,A,G,A,G,3,183635768,[A/G],CN
018_S_4399,rs10000023,A,C,T,G,4,95733906,[T/G],CN
018_S_4399,rs1000003,A,A,A,A,3,98342907,[T/C],CN
018_S_4399,rs10000030,G,G,G,G,4,103374154,[T/C],CN
018_S_4399,rs10000037,A,G,A,G,4,38924330,[T/C],CN
018_S_4399,rs10000041,A,A,T,T,4,165621955,[A/C],CN
018_S_4399,rs10000042,G,G,C,C,4,5237152,[A/G],CN
018_S_4399,rs10000049,A,A,A,A,4,118948220,[A/C],CN
018_S_4399,rs1000007,A,A,A,A,2,237752054,[A/G],CN
018_S_4400,rs1000000,G,G,C,C,12,126890980,[T/C],CN
018_S_4400,rs1000002,A,G,A,G,3,183635768,[A/G],CN
018_S_4400,rs10000023,A,C,T,G,4,95733906,[T/G],CN
018_S_4400,rs1000003,A,A,A,A,3,98342907,[T/C],CN
018_S_4400,rs10000030,G,G,G,G,4,103374154,[T/C],CN
018_S_4400,rs10000037,G,G,G,G,4,38924330,[T/C],CN
018_S_4400,rs10000041,A,C,T,G,4,165621955,[A/C],CN
018_S_4400,rs10000042,G,G,C,C,4,5237152,[A/G],CN
018_S_4400,rs10000049,A,A,A,A,4,118948220,[A/C],CN
018_S_4400,rs1000007,A,G,A,G,2,237752054,[A/G],CN
019_S_4252,rs1000000,G,G,C,C,12,126890980,[T/C],AD
019_S_4252,rs1000002,G,G,G,G,3,183635768,[A/G],AD
019_S_4252,rs10000023,A,C,T,G,4,95733906,[T/G],AD
019_S_4252,rs1000003,A,A,A,A,3,98342907,[T/C],AD
019_S_4252,rs10000030,A,G,A,G,4,103374154,[T/C],AD
019_S_4252,rs10000037,A,A,A,A,4,38924330,[T/C],AD
019_S_4252,rs10000041,A,A,T,T,4,165621955,[A/C],AD
019_S_4252,rs10000042,G,G,C,C,4,5237152,[A/G],AD
019_S_4252,rs10000049,A,A,A,A,4,118948220,[A/C],AD
019_S_4252,rs1000007,A,G,A,G,2,237752054,[A/G],AD
019_S_4285,rs1000000,G,G,C,C,12,126890980,[T/C],MCI
019_S_4285,rs1000002,A,G,A,G,3,183635768,[A/G],MCI
019_S_4285,rs10000023,A,A,T,T,4,95733906,[T/G],MCI
019_S_4285,rs1000003,A,A,A,A,3,98342907,[T/C],MCI
019_S_4285,rs10000030,A,G,A,G,4,103374154,[T/C],MCI
019_S_4285,rs10000037,G,G,G,G,4,38924330,[T/C],MCI
019_S_4285,rs10000041,A,A,T,T,4,165621955,[A/C],MCI
019_S_4285,rs10000042,G,G,C,C,4,5237152,[A/G],MCI
019_S_4285,rs10000049,A,A,A,A,4,118948220,[A/C],MCI
019_S_4285,rs1000007,A,G,A,G,2,237752054,[A/G],MCI
011_S_4235,rs1000000,A,G,T,C,12,126890980,[T/C],MCI
011_S_4235,rs1000002,A,G,A,G,3,183635768,[A/G],MCI
011_S_4235,rs10000023,C,C,G,G,4,95733906,[T/G],MCI
011_S_4235,rs1000003,A,G,A,G,3,98342907,[T/C],MCI
011_S_4235,rs10000030,G,G,G,G,4,103374154,[T/C],MCI
011_S_4235,rs10000037,G,G,G,G,4,38924330,[T/C],MCI
011_S_4235,rs10000041,A,A,T,T,4,165621955,[A/C],MCI
011_S_4235,rs10000042,G,G,C,C,4,5237152,[A/G],MCI
011_S_4235,rs10000049,A,A,A,A,4,118948220,[A/C],MCI
011_S_4235,rs1000007,A,A,A,A,2,237752054,[A/G],MCI
019_S_4285,rs1000000,G,G,C,C,12,126890980,[T/C],MCI
019_S_4285,rs1000002,A,G,A,G,3,183635768,[A/G],MCI
019_S_4285,rs10000023,A,A,T,T,4,95733906,[T/G],MCI
019_S_4285,rs1000003,A,A,A,A,3,98342907,[T/C],MCI
019_S_4285,rs10000030,A,G,A,G,4,103374154,[T/C],MCI
019_S_4285,rs10000037,G,G,G,G,4,38924330,[T/C],MCI
019_S_4285,rs10000041,A,A,T,T,4,165621955,[A/C],MCI
019_S_4285,rs10000042,G,G,C,C,4,5237152,[A/G],MCI
019_S_4285,rs10000049,A,A,A,A,4,118948220,[A/C],MCI
019_S_4285,rs1000007,A,G,A,G,2,237752054,[A/G],MCI
019_S_4285,rs10000073,A,A,T,T,4,43022222,[A/G],MCI
019_S_4293,rs1000000,G,G,C,C,12,126890980,[T/C],MCI
019_S_4293,rs1000002,G,G,G,G,3,183635768,[A/G],MCI
019_S_4293,rs10000023,A,A,T,T,4,95733906,[T/G],MCI
019_S_4293,rs1000003,A,A,A,A,3,98342907,[T/C],MCI
019_S_4293,rs10000030,G,G,G,G,4,103374154,[T/C],MCI
019_S_4293,rs10000037,A,G,A,G,4,38924330,[T/C],MCI
019_S_4293,rs10000041,A,C,T,G,4,165621955,[A/C],MCI
019_S_4293,rs10000042,G,G,C,C,4,5237152,[A/G],MCI
019_S_4293,rs10000049,A,A,A,A,4,118948220,[A/C],MCI
019_S_4293,rs1000007,A,G,A,G,2,237752054,[A/G],MCI
019_S_4477,rs1000000,A,G,T,C,12,126890980,[T/C],AD
019_S_4477,rs1000002,A,G,A,G,3,183635768,[A/G],AD
019_S_4477,rs10000023,A,C,T,G,4,95733906,[T/G],AD
019_S_4477,rs1000003,A,A,A,A,3,98342907,[T/C],AD
019_S_4477,rs10000030,G,G,G,G,4,103374154,[T/C],AD
019_S_4477,rs10000037,G,G,G,G,4,38924330,[T/C],AD
019_S_4477,rs10000041,A,A,T,T,4,165621955,[A/C],AD
019_S_4477,rs10000042,G,G,C,C,4,5237152,[A/G],AD
019_S_4477,rs10000049,A,C,A,C,4,118948220,[A/C],AD
019_S_4477,rs1000007,A,G,A,G,2,237752054,[A/G],AD
012_S_4026,rs1000000,G,G,C,C,12,126890980,[T/C],CN
012_S_4026,rs1000002,A,G,A,G,3,183635768,[A/G],CN
012_S_4026,rs10000023,A,A,T,T,4,95733906,[T/G],CN
012_S_4026,rs1000003,A,G,A,G,3,98342907,[T/C],CN
012_S_4026,rs10000030,G,G,G,G,4,103374154,[T/C],CN
012_S_4026,rs10000037,A,G,A,G,4,38924330,[T/C],CN
012_S_4026,rs10000041,A,A,T,T,4,165621955,[A/C],CN
012_S_4026,rs10000042,G,G,C,C,4,5237152,[A/G],CN
012_S_4026,rs10000049,A,A,A,A,4,118948220,[A/C],CN
012_S_4026,rs1000007,A,G,A,G,2,237752054,[A/G],CN